cycle,name,Type,ResTurn
7,Staff1,CN,0
7,Staff2,CN,0
7,Staff5,CN,0
7,Staff15,LPN,0
7,Staff27,CN,0
7,Staff35,CN,0
7,Staff38,CN,0
7,Staff40,RN,0
7,Staff47,CN,0
7,Staff50,CN,0
7,Staff68,CN,0
7,Staff78,CN,0
7,Staff79,RN,0
7,Staff83,CN,0
7,Staff90,CN,0
7,Staff93,CN,0
7,Staff94,CN,0
7,Staff101,CN,0
7,Staff105,CN,0
7,Staff109,RN,0
7,Staff125,CN,0
7,Staff126,CN,0
7,Staff141,CN,0
7,Staff145,CN,0
7,Staff148,CN,0
7,Staff158,RN,0
7,Staff162,CN,0
7,Staff166,LPN,0
15,Staff0,CN,0
15,Staff3,LPN,0
15,Staff4,LPN,0
15,Staff7,CN,0
15,Staff9,CN,0
15,Staff10,CN,0
15,Staff14,CN,0
15,Staff16,CN,0
15,Staff17,CN,0
15,Staff19,CN,0
15,Staff21,RN,0
15,Staff23,CN,0
15,Staff26,CN,0
15,Staff32,CN,0
15,Staff33,CN,0
15,Staff34,CN,0
15,Staff36,CN,0
15,Staff37,CN,0
15,Staff43,CN,0
15,Staff48,CN,0
15,Staff55,CN,0
15,Staff56,CN,0
15,Staff57,CN,0
15,Staff63,LPN,0
15,Staff64,CN,0
15,Staff67,CN,0
15,Staff69,CN,0
15,Staff70,CN,0
15,Staff71,CN,0
15,Staff73,CN,0
15,Staff74,CN,0
15,Staff75,CN,0
15,Staff76,CN,0
15,Staff84,RN,0
15,Staff85,CN,0
15,Staff87,RN,0
15,Staff88,CN,0
15,Staff92,CN,0
15,Staff95,LPN,0
15,Staff99,CN,0
15,Staff100,RN,0
15,Staff103,CN,0
15,Staff104,CN,0
15,Staff106,RN,0
15,Staff107,CN,0
15,Staff108,CN,0
15,Staff111,LPN,0
15,Staff114,CN,0
15,Staff115,CN,0
15,Staff117,LPN,0
15,Staff119,RN,0
15,Staff120,CN,0
15,Staff122,CN,0
15,Staff127,CN,0
15,Staff128,CN,0
15,Staff130,RN,0
15,Staff133,RN,0
15,Staff135,RN,0
15,Staff138,CN,0
15,Staff140,LPN,0
15,Staff143,CN,0
15,Staff147,LPN,0
15,Staff150,RN,0
15,Staff151,CN,0
15,Staff152,LPN,0
15,Staff153,CN,0
15,Staff154,CN,0
15,Staff155,CN,0
15,Staff157,CN,0
15,Staff159,RN,0
15,Staff160,CN,0
15,Staff163,CN,0
15,Staff164,LPN,0
15,Staff168,RN,0
15,Staff169,RN,0
23,Staff6,CN,4
23,Staff8,LPN,22
23,Staff11,CN,2
23,Staff12,CN,4
23,Staff13,CN,3
23,Staff18,CN,0
23,Staff20,LPN,22
23,Staff22,CN,3
23,Staff24,CN,2
23,Staff25,RN,6
23,Staff28,CN,2
23,Staff29,CN,1
23,Staff30,CN,2
23,Staff31,LPN,15
23,Staff39,CN,3
23,Staff41,CN,2
23,Staff42,CN,2
23,Staff44,RN,4
23,Staff45,RN,5
23,Staff46,LPN,15
23,Staff49,CN,2
23,Staff51,CN,1
23,Staff52,RN,6
23,Staff53,CN,0
23,Staff54,LPN,16
23,Staff58,CN,3
23,Staff59,RN,6
23,Staff60,RN,6
23,Staff61,RN,4
23,Staff62,CN,3
23,Staff65,LPN,20
23,Staff66,CN,1
23,Staff72,CN,2
23,Staff77,CN,2
23,Staff80,CN,2
23,Staff81,LPN,11
23,Staff82,LPN,15
23,Staff86,RN,5
23,Staff89,CN,2
23,Staff91,CN,3
23,Staff96,CN,2
23,Staff97,CN,1
23,Staff98,CN,3
23,Staff102,CN,0
23,Staff110,CN,2
23,Staff112,CN,3
23,Staff113,RN,5
23,Staff116,RN,2
23,Staff118,CN,2
23,Staff121,LPN,7
23,Staff123,CN,1
23,Staff124,LPN,21
23,Staff129,CN,2
23,Staff131,RN,5
23,Staff132,CN,3
23,Staff134,RN,5
23,Staff136,CN,2
23,Staff137,CN,3
23,Staff139,CN,0
23,Staff142,CN,1
23,Staff144,CN,4
23,Staff146,CN,1
23,Staff149,CN,2
23,Staff156,RN,4
23,Staff161,CN,3
23,Staff165,CN,0
23,Staff167,CN,3
31,Staff1,CN,3
31,Staff2,CN,1
31,Staff5,CN,1
31,Staff15,LPN,21
31,Staff27,CN,2
31,Staff35,CN,2
31,Staff38,CN,0
31,Staff40,RN,6
31,Staff47,CN,2
31,Staff50,CN,2
31,Staff68,CN,4
31,Staff78,CN,3
31,Staff79,RN,4
31,Staff83,CN,1
31,Staff90,CN,1
31,Staff93,CN,3
31,Staff94,CN,3
31,Staff101,CN,5
31,Staff105,CN,1
31,Staff109,RN,7
31,Staff125,CN,3
31,Staff126,CN,5
31,Staff141,CN,3
31,Staff145,CN,2
31,Staff148,CN,2
31,Staff158,RN,5
31,Staff162,CN,3
31,Staff166,LPN,19
39,Staff0,CN,3
39,Staff3,LPN,20
39,Staff4,LPN,20
39,Staff7,CN,2
39,Staff9,CN,1
39,Staff10,CN,2
39,Staff14,CN,2
39,Staff16,CN,2
39,Staff17,CN,2
39,Staff19,CN,3
39,Staff21,RN,6
39,Staff23,CN,1
39,Staff26,CN,2
39,Staff32,CN,2
39,Staff33,CN,4
39,Staff34,CN,3
39,Staff36,CN,2
39,Staff37,CN,1
39,Staff43,CN,1
39,Staff48,CN,1
39,Staff55,CN,1
39,Staff56,CN,3
39,Staff57,CN,1
39,Staff63,LPN,22
39,Staff64,CN,2
39,Staff67,CN,2
39,Staff69,CN,1
39,Staff70,CN,1
39,Staff71,CN,2
39,Staff73,CN,1
39,Staff74,CN,1
39,Staff75,CN,1
39,Staff76,CN,5
39,Staff84,RN,5
39,Staff85,CN,2
39,Staff87,RN,4
39,Staff88,CN,0
39,Staff92,CN,2
39,Staff95,LPN,18
39,Staff99,CN,2
39,Staff100,RN,6
39,Staff103,CN,2
39,Staff104,CN,1
39,Staff106,RN,4
39,Staff107,CN,1
39,Staff108,CN,1
39,Staff111,LPN,19
39,Staff114,CN,1
39,Staff115,CN,1
39,Staff117,LPN,22
39,Staff119,RN,3
39,Staff120,CN,1
39,Staff122,CN,2
39,Staff127,CN,3
39,Staff128,CN,3
39,Staff130,RN,6
39,Staff133,RN,7
39,Staff135,RN,3
39,Staff138,CN,2
39,Staff140,LPN,16
39,Staff143,CN,1
39,Staff147,LPN,15
39,Staff150,RN,5
39,Staff151,CN,0
39,Staff152,LPN,22
39,Staff153,CN,3
39,Staff154,CN,0
39,Staff155,CN,1
39,Staff157,CN,2
39,Staff159,RN,4
39,Staff160,CN,3
39,Staff163,CN,3
39,Staff164,LPN,18
39,Staff168,RN,7
39,Staff169,RN,6
47,Staff6,CN,1
47,Staff8,LPN,24
47,Staff11,CN,4
47,Staff12,CN,2
47,Staff13,CN,2
47,Staff18,CN,4
47,Staff20,LPN,23
47,Staff22,CN,2
47,Staff24,CN,1
47,Staff25,RN,6
47,Staff28,CN,5
47,Staff29,CN,3
47,Staff30,CN,1
47,Staff31,LPN,20
47,Staff39,CN,2
47,Staff41,CN,2
47,Staff42,CN,0
47,Staff44,RN,5
47,Staff45,RN,5
47,Staff46,LPN,17
47,Staff49,CN,2
47,Staff51,CN,2
47,Staff52,RN,6
47,Staff53,CN,1
47,Staff54,LPN,25
47,Staff58,CN,1
47,Staff59,RN,4
47,Staff60,RN,3
47,Staff61,RN,7
47,Staff62,CN,5
47,Staff65,LPN,22
47,Staff66,CN,3
47,Staff72,CN,4
47,Staff77,CN,1
47,Staff80,CN,2
47,Staff81,LPN,21
47,Staff82,LPN,23
47,Staff86,RN,7
47,Staff89,CN,1
47,Staff91,CN,4
47,Staff96,CN,1
47,Staff97,CN,3
47,Staff98,CN,1
47,Staff102,CN,2
47,Staff110,CN,3
47,Staff112,CN,3
47,Staff113,RN,4
47,Staff116,RN,6
47,Staff118,CN,4
47,Staff121,LPN,19
47,Staff123,CN,2
47,Staff124,LPN,21
47,Staff129,CN,2
47,Staff131,RN,3
47,Staff132,CN,3
47,Staff134,RN,5
47,Staff136,CN,1
47,Staff137,CN,4
47,Staff139,CN,3
47,Staff142,CN,2
47,Staff144,CN,3
47,Staff146,CN,1
47,Staff149,CN,3
47,Staff156,RN,5
47,Staff161,CN,4
47,Staff165,CN,4
47,Staff167,CN,3
55,Staff1,CN,0
55,Staff2,CN,1
55,Staff5,CN,3
55,Staff15,LPN,24
55,Staff27,CN,2
55,Staff35,CN,2
55,Staff38,CN,4
55,Staff40,RN,5
55,Staff47,CN,1
55,Staff50,CN,4
55,Staff68,CN,3
55,Staff78,CN,1
55,Staff79,RN,4
55,Staff83,CN,1
55,Staff90,CN,1
55,Staff93,CN,2
55,Staff94,CN,1
55,Staff101,CN,3
55,Staff105,CN,4
55,Staff109,RN,4
55,Staff125,CN,2
55,Staff126,CN,4
55,Staff141,CN,2
55,Staff145,CN,0
55,Staff148,CN,3
55,Staff158,RN,5
55,Staff162,CN,2
55,Staff166,LPN,18
63,Staff0,CN,2
63,Staff3,LPN,18
63,Staff4,LPN,22
63,Staff7,CN,1
63,Staff9,CN,1
63,Staff10,CN,2
63,Staff14,CN,1
63,Staff16,CN,1
63,Staff17,CN,3
63,Staff19,CN,2
63,Staff21,RN,5
63,Staff23,CN,2
63,Staff26,CN,3
63,Staff32,CN,2
63,Staff33,CN,1
63,Staff34,CN,2
63,Staff36,CN,3
63,Staff37,CN,4
63,Staff43,CN,3
63,Staff48,CN,3
63,Staff55,CN,3
63,Staff56,CN,3
63,Staff57,CN,2
63,Staff63,LPN,12
63,Staff64,CN,2
63,Staff67,CN,1
63,Staff69,CN,5
63,Staff70,CN,2
63,Staff71,CN,4
63,Staff73,CN,1
63,Staff74,CN,2
63,Staff75,CN,3
63,Staff76,CN,3
63,Staff84,RN,6
63,Staff85,CN,1
63,Staff87,RN,6
63,Staff88,CN,0
63,Staff92,CN,2
63,Staff95,LPN,23
63,Staff99,CN,1
63,Staff100,RN,6
63,Staff103,CN,6
63,Staff104,CN,1
63,Staff106,RN,3
63,Staff107,CN,3
63,Staff108,CN,3
63,Staff111,LPN,20
63,Staff114,CN,3
63,Staff115,CN,2
63,Staff117,LPN,16
63,Staff119,RN,5
63,Staff120,CN,2
63,Staff122,CN,1
63,Staff127,CN,2
63,Staff128,CN,4
63,Staff130,RN,4
63,Staff133,RN,5
63,Staff135,RN,5
63,Staff138,CN,4
63,Staff140,LPN,13
63,Staff143,CN,2
63,Staff147,LPN,27
63,Staff150,RN,6
63,Staff151,CN,1
63,Staff152,LPN,22
63,Staff153,CN,2
63,Staff154,CN,1
63,Staff155,CN,3
63,Staff157,CN,1
63,Staff159,RN,6
63,Staff160,CN,2
63,Staff163,CN,3
63,Staff164,LPN,29
63,Staff168,RN,5
63,Staff169,RN,3
71,Staff6,CN,1
71,Staff8,LPN,21
71,Staff11,CN,1
71,Staff12,CN,2
71,Staff13,CN,3
71,Staff18,CN,3
71,Staff20,LPN,25
71,Staff22,CN,2
71,Staff24,CN,2
71,Staff25,RN,6
71,Staff28,CN,4
71,Staff29,CN,2
71,Staff30,CN,2
71,Staff31,LPN,24
71,Staff39,CN,2
71,Staff41,CN,2
71,Staff42,CN,0
71,Staff44,RN,5
71,Staff45,RN,7
71,Staff46,LPN,16
71,Staff49,CN,4
71,Staff51,CN,4
71,Staff52,RN,6
71,Staff53,CN,3
71,Staff54,LPN,23
71,Staff58,CN,1
71,Staff59,RN,5
71,Staff60,RN,5
71,Staff61,RN,7
71,Staff62,CN,2
71,Staff65,LPN,21
71,Staff66,CN,2
71,Staff72,CN,3
71,Staff77,CN,5
71,Staff80,CN,3
71,Staff81,LPN,22
71,Staff82,LPN,18
71,Staff86,RN,7
71,Staff89,CN,3
71,Staff91,CN,1
71,Staff96,CN,2
71,Staff97,CN,1
71,Staff98,CN,1
71,Staff102,CN,1
71,Staff110,CN,3
71,Staff112,CN,0
71,Staff113,RN,5
71,Staff116,RN,6
71,Staff118,CN,4
71,Staff121,LPN,24
71,Staff123,CN,1
71,Staff124,LPN,18
71,Staff129,CN,3
71,Staff131,RN,7
71,Staff132,CN,2
71,Staff134,RN,5
71,Staff136,CN,2
71,Staff137,CN,3
71,Staff139,CN,4
71,Staff142,CN,4
71,Staff144,CN,1
71,Staff146,CN,2
71,Staff149,CN,4
71,Staff156,RN,6
71,Staff161,CN,2
71,Staff165,CN,6
71,Staff167,CN,2
79,Staff1,CN,2
79,Staff2,CN,3
79,Staff5,CN,2
79,Staff15,LPN,19
79,Staff27,CN,2
79,Staff35,CN,2
79,Staff38,CN,2
79,Staff40,RN,6
79,Staff47,CN,2
79,Staff50,CN,3
79,Staff68,CN,1
79,Staff78,CN,4
79,Staff79,RN,6
79,Staff83,CN,0
79,Staff90,CN,2
79,Staff93,CN,2
79,Staff94,CN,3
79,Staff101,CN,1
79,Staff105,CN,3
79,Staff109,RN,7
79,Staff125,CN,2
79,Staff126,CN,3
79,Staff141,CN,1
79,Staff145,CN,5
79,Staff148,CN,1
79,Staff158,RN,5
79,Staff162,CN,2
79,Staff166,LPN,21
87,Staff0,CN,2
87,Staff3,LPN,23
87,Staff4,LPN,13
87,Staff7,CN,1
87,Staff9,CN,2
87,Staff10,CN,3
87,Staff14,CN,0
87,Staff16,CN,3
87,Staff17,CN,4
87,Staff19,CN,2
87,Staff21,RN,6
87,Staff23,CN,4
87,Staff26,CN,1
87,Staff32,CN,2
87,Staff33,CN,3
87,Staff34,CN,3
87,Staff36,CN,4
87,Staff37,CN,1
87,Staff43,CN,4
87,Staff48,CN,0
87,Staff55,CN,4
87,Staff56,CN,4
87,Staff57,CN,2
87,Staff63,LPN,15
87,Staff64,CN,4
87,Staff67,CN,0
87,Staff69,CN,2
87,Staff70,CN,3
87,Staff71,CN,1
87,Staff73,CN,2
87,Staff74,CN,2
87,Staff75,CN,1
87,Staff76,CN,1
87,Staff84,RN,5
87,Staff85,CN,1
87,Staff87,RN,4
87,Staff88,CN,1
87,Staff92,CN,0
87,Staff95,LPN,24
87,Staff99,CN,2
87,Staff100,RN,6
87,Staff103,CN,3
87,Staff104,CN,3
87,Staff106,RN,7
87,Staff107,CN,1
87,Staff108,CN,1
87,Staff111,LPN,20
87,Staff114,CN,1
87,Staff115,CN,1
87,Staff117,LPN,25
87,Staff119,RN,7
87,Staff120,CN,3
87,Staff122,CN,1
87,Staff127,CN,1
87,Staff128,CN,1
87,Staff130,RN,6
87,Staff133,RN,6
87,Staff135,RN,7
87,Staff138,CN,2
87,Staff140,LPN,22
87,Staff143,CN,5
87,Staff147,LPN,15
87,Staff150,RN,4
87,Staff151,CN,2
87,Staff152,LPN,23
87,Staff153,CN,0
87,Staff154,CN,3
87,Staff155,CN,2
87,Staff157,CN,0
87,Staff159,RN,5
87,Staff160,CN,2
87,Staff163,CN,5
87,Staff164,LPN,26
87,Staff168,RN,6
87,Staff169,RN,7
95,Staff6,CN,0
95,Staff8,LPN,19
95,Staff11,CN,4
95,Staff12,CN,1
95,Staff13,CN,2
95,Staff18,CN,2
95,Staff20,LPN,17
95,Staff22,CN,3
95,Staff24,CN,2
95,Staff25,RN,5
95,Staff28,CN,2
95,Staff29,CN,1
95,Staff30,CN,1
95,Staff31,LPN,21
95,Staff39,CN,1
95,Staff41,CN,1
95,Staff42,CN,5
95,Staff44,RN,4
95,Staff45,RN,5
95,Staff46,LPN,20
95,Staff49,CN,2
95,Staff51,CN,4
95,Staff52,RN,5
95,Staff53,CN,1
95,Staff54,LPN,11
95,Staff58,CN,2
95,Staff59,RN,3
95,Staff60,RN,5
95,Staff61,RN,5
95,Staff62,CN,2
95,Staff65,LPN,17
95,Staff66,CN,0
95,Staff72,CN,0
95,Staff77,CN,3
95,Staff80,CN,2
95,Staff81,LPN,22
95,Staff82,LPN,19
95,Staff86,RN,5
95,Staff89,CN,2
95,Staff91,CN,4
95,Staff96,CN,4
95,Staff97,CN,1
95,Staff98,CN,2
95,Staff102,CN,4
95,Staff110,CN,1
95,Staff112,CN,4
95,Staff113,RN,4
95,Staff116,RN,5
95,Staff118,CN,1
95,Staff121,LPN,21
95,Staff123,CN,4
95,Staff124,LPN,15
95,Staff129,CN,3
95,Staff131,RN,6
95,Staff132,CN,4
95,Staff134,RN,6
95,Staff136,CN,1
95,Staff137,CN,5
95,Staff139,CN,5
95,Staff142,CN,2
95,Staff144,CN,3
95,Staff146,CN,3
95,Staff149,CN,0
95,Staff156,RN,3
95,Staff161,CN,2
95,Staff165,CN,2
95,Staff167,CN,1
103,Staff1,CN,1
103,Staff2,CN,4
103,Staff5,CN,4
103,Staff15,LPN,12
103,Staff27,CN,4
103,Staff35,CN,2
103,Staff38,CN,4
103,Staff40,RN,5
103,Staff47,CN,2
103,Staff50,CN,2
103,Staff68,CN,4
103,Staff78,CN,3
103,Staff79,RN,4
103,Staff83,CN,5
103,Staff90,CN,3
103,Staff93,CN,3
103,Staff94,CN,1
103,Staff101,CN,3
103,Staff105,CN,2
103,Staff109,RN,4
103,Staff125,CN,1
103,Staff126,CN,3
103,Staff141,CN,3
103,Staff145,CN,0
103,Staff148,CN,4
103,Staff158,RN,6
103,Staff162,CN,1
103,Staff166,LPN,19
111,Staff0,CN,1
111,Staff3,LPN,14
111,Staff4,LPN,21
111,Staff7,CN,0
111,Staff9,CN,4
111,Staff10,CN,2
111,Staff14,CN,1
111,Staff16,CN,4
111,Staff17,CN,3
111,Staff19,CN,1
111,Staff21,RN,3
111,Staff23,CN,2
111,Staff26,CN,1
111,Staff32,CN,3
111,Staff33,CN,2
111,Staff34,CN,0
111,Staff36,CN,3
111,Staff37,CN,3
111,Staff43,CN,4
111,Staff48,CN,1
111,Staff55,CN,4
111,Staff56,CN,0
111,Staff57,CN,4
111,Staff63,LPN,27
111,Staff64,CN,3
111,Staff67,CN,0
111,Staff69,CN,1
111,Staff70,CN,4
111,Staff71,CN,2
111,Staff73,CN,1
111,Staff74,CN,3
111,Staff75,CN,0
111,Staff76,CN,0
111,Staff84,RN,3
111,Staff85,CN,2
111,Staff87,RN,5
111,Staff88,CN,3
111,Staff92,CN,4
111,Staff95,LPN,24
111,Staff99,CN,5
111,Staff100,RN,5
111,Staff103,CN,1
111,Staff104,CN,1
111,Staff106,RN,6
111,Staff107,CN,3
111,Staff108,CN,0
111,Staff111,LPN,18
111,Staff114,CN,2
111,Staff115,CN,3
111,Staff117,LPN,24
111,Staff119,RN,7
111,Staff120,CN,2
111,Staff122,CN,4
111,Staff127,CN,3
111,Staff128,CN,2
111,Staff130,RN,6
111,Staff133,RN,7
111,Staff135,RN,5
111,Staff138,CN,1
111,Staff140,LPN,21
111,Staff143,CN,2
111,Staff147,LPN,19
111,Staff150,RN,6
111,Staff151,CN,3
111,Staff152,LPN,19
111,Staff153,CN,5
111,Staff154,CN,2
111,Staff155,CN,2
111,Staff157,CN,3
111,Staff159,RN,5
111,Staff160,CN,3
111,Staff163,CN,1
111,Staff164,LPN,25
111,Staff168,RN,6
111,Staff169,RN,5
119,Staff6,CN,3
119,Staff8,LPN,25
119,Staff11,CN,3
119,Staff12,CN,0
119,Staff13,CN,3
119,Staff18,CN,1
119,Staff20,LPN,20
119,Staff22,CN,3
119,Staff24,CN,5
119,Staff25,RN,4
119,Staff28,CN,3
119,Staff29,CN,1
119,Staff30,CN,3
119,Staff31,LPN,27
119,Staff39,CN,2
119,Staff41,CN,1
119,Staff42,CN,2
119,Staff44,RN,6
119,Staff45,RN,7
119,Staff46,LPN,23
119,Staff49,CN,1
119,Staff51,CN,0
119,Staff52,RN,6
119,Staff53,CN,1
119,Staff54,LPN,24
119,Staff58,CN,3
119,Staff59,RN,4
119,Staff60,RN,5
119,Staff61,RN,7
119,Staff62,CN,2
119,Staff65,LPN,16
119,Staff66,CN,1
119,Staff72,CN,1
119,Staff77,CN,3
119,Staff80,CN,3
119,Staff81,LPN,24
119,Staff82,LPN,25
119,Staff86,RN,7
119,Staff89,CN,4
119,Staff91,CN,0
119,Staff96,CN,3
119,Staff97,CN,4
119,Staff98,CN,1
119,Staff102,CN,4
119,Staff110,CN,1
119,Staff112,CN,4
119,Staff113,RN,6
119,Staff116,RN,5
119,Staff118,CN,2
119,Staff121,LPN,15
119,Staff123,CN,3
119,Staff124,LPN,26
119,Staff129,CN,2
119,Staff131,RN,6
119,Staff132,CN,0
119,Staff134,RN,5
119,Staff136,CN,1
119,Staff137,CN,3
119,Staff139,CN,2
119,Staff142,CN,1
119,Staff144,CN,3
119,Staff146,CN,1
119,Staff149,CN,4
119,Staff156,RN,6
119,Staff161,CN,3
119,Staff165,CN,0
119,Staff167,CN,3
127,Staff1,CN,0
127,Staff2,CN,3
127,Staff5,CN,2
127,Staff15,LPN,23
127,Staff27,CN,0
127,Staff35,CN,2
127,Staff38,CN,2
127,Staff40,RN,4
127,Staff47,CN,1
127,Staff50,CN,2
127,Staff68,CN,2
127,Staff78,CN,2
127,Staff79,RN,7
127,Staff83,CN,2
127,Staff90,CN,2
127,Staff93,CN,3
127,Staff94,CN,4
127,Staff101,CN,4
127,Staff105,CN,2
127,Staff109,RN,5
127,Staff125,CN,4
127,Staff126,CN,2
127,Staff141,CN,1
127,Staff145,CN,4
127,Staff148,CN,2
127,Staff158,RN,5
127,Staff162,CN,5
127,Staff166,LPN,18
135,Staff0,CN,3
135,Staff3,LPN,17
135,Staff4,LPN,16
135,Staff7,CN,3
135,Staff9,CN,4
135,Staff10,CN,4
135,Staff14,CN,1
135,Staff16,CN,3
135,Staff17,CN,1
135,Staff19,CN,2
135,Staff21,RN,6
135,Staff23,CN,1
135,Staff26,CN,3
135,Staff32,CN,3
135,Staff33,CN,1
135,Staff34,CN,4
135,Staff36,CN,4
135,Staff37,CN,3
135,Staff43,CN,2
135,Staff48,CN,2
135,Staff55,CN,2
135,Staff56,CN,2
135,Staff57,CN,1
135,Staff63,LPN,24
135,Staff64,CN,4
135,Staff67,CN,0
135,Staff69,CN,3
135,Staff70,CN,1
135,Staff71,CN,2
135,Staff73,CN,3
135,Staff74,CN,2
135,Staff75,CN,2
135,Staff76,CN,0
135,Staff84,RN,5
135,Staff85,CN,3
135,Staff87,RN,6
135,Staff88,CN,4
135,Staff92,CN,2
135,Staff95,LPN,15
135,Staff99,CN,3
135,Staff100,RN,7
135,Staff103,CN,2
135,Staff104,CN,2
135,Staff106,RN,3
135,Staff107,CN,3
135,Staff108,CN,2
135,Staff111,LPN,16
135,Staff114,CN,6
135,Staff115,CN,2
135,Staff117,LPN,22
135,Staff119,RN,5
135,Staff120,CN,2
135,Staff122,CN,4
135,Staff127,CN,2
135,Staff128,CN,1
135,Staff130,RN,5
135,Staff133,RN,5
135,Staff135,RN,4
135,Staff138,CN,5
135,Staff140,LPN,16
135,Staff143,CN,4
135,Staff147,LPN,21
135,Staff150,RN,5
135,Staff151,CN,3
135,Staff152,LPN,21
135,Staff153,CN,1
135,Staff154,CN,3
135,Staff155,CN,3
135,Staff157,CN,3
135,Staff159,RN,5
135,Staff160,CN,0
135,Staff163,CN,2
135,Staff164,LPN,21
135,Staff168,RN,6
135,Staff169,RN,5
143,Staff6,CN,2
143,Staff8,LPN,25
143,Staff11,CN,2
143,Staff12,CN,2
143,Staff13,CN,1
143,Staff18,CN,1
143,Staff20,LPN,22
143,Staff22,CN,3
143,Staff24,CN,1
143,Staff25,RN,6
143,Staff28,CN,1
143,Staff29,CN,2
143,Staff30,CN,2
143,Staff31,LPN,16
143,Staff39,CN,2
143,Staff41,CN,1
143,Staff42,CN,1
143,Staff44,RN,6
143,Staff45,RN,5
143,Staff46,LPN,23
143,Staff49,CN,2
143,Staff51,CN,2
143,Staff52,RN,4
143,Staff53,CN,1
143,Staff54,LPN,22
143,Staff58,CN,2
143,Staff59,RN,5
143,Staff60,RN,5
143,Staff61,RN,7
143,Staff62,CN,4
143,Staff65,LPN,19
143,Staff66,CN,2
143,Staff72,CN,2
143,Staff77,CN,3
143,Staff80,CN,2
143,Staff81,LPN,18
143,Staff82,LPN,19
143,Staff86,RN,7
143,Staff89,CN,1
143,Staff91,CN,4
143,Staff96,CN,3
143,Staff97,CN,0
143,Staff98,CN,1
143,Staff102,CN,3
143,Staff110,CN,3
143,Staff112,CN,2
143,Staff113,RN,6
143,Staff116,RN,6
143,Staff118,CN,0
143,Staff121,LPN,17
143,Staff123,CN,3
143,Staff124,LPN,24
143,Staff129,CN,2
143,Staff131,RN,6
143,Staff132,CN,1
143,Staff134,RN,6
143,Staff136,CN,4
143,Staff137,CN,4
143,Staff139,CN,2
143,Staff142,CN,2
143,Staff144,CN,2
143,Staff146,CN,2
143,Staff149,CN,2
143,Staff156,RN,5
143,Staff161,CN,2
143,Staff165,CN,4
143,Staff167,CN,4
151,Staff1,CN,1
151,Staff2,CN,3
151,Staff5,CN,1
151,Staff15,LPN,18
151,Staff27,CN,2
151,Staff35,CN,1
151,Staff38,CN,2
151,Staff40,RN,4
151,Staff47,CN,2
151,Staff50,CN,1
151,Staff68,CN,1
151,Staff78,CN,0
151,Staff79,RN,5
151,Staff83,CN,2
151,Staff90,CN,3
151,Staff93,CN,3
151,Staff94,CN,2
151,Staff101,CN,0
151,Staff105,CN,2
151,Staff109,RN,6
151,Staff125,CN,1
151,Staff126,CN,2
151,Staff141,CN,3
151,Staff145,CN,5
151,Staff148,CN,2
151,Staff158,RN,3
151,Staff162,CN,1
151,Staff166,LPN,21
159,Staff0,CN,0
159,Staff3,LPN,14
159,Staff4,LPN,16
159,Staff7,CN,2
159,Staff9,CN,1
159,Staff10,CN,0
159,Staff14,CN,1
159,Staff16,CN,4
159,Staff17,CN,2
159,Staff19,CN,2
159,Staff21,RN,7
159,Staff23,CN,1
159,Staff26,CN,1
159,Staff32,CN,0
159,Staff33,CN,1
159,Staff34,CN,1
159,Staff36,CN,2
159,Staff37,CN,2
159,Staff43,CN,0
159,Staff48,CN,1
159,Staff55,CN,4
159,Staff56,CN,2
159,Staff57,CN,3
159,Staff63,LPN,19
159,Staff64,CN,0
159,Staff67,CN,2
159,Staff69,CN,0
159,Staff70,CN,2
159,Staff71,CN,5
159,Staff73,CN,2
159,Staff74,CN,3
159,Staff75,CN,0
159,Staff76,CN,2
159,Staff84,RN,6
159,Staff85,CN,1
159,Staff87,RN,5
159,Staff88,CN,1
159,Staff92,CN,0
159,Staff95,LPN,22
159,Staff99,CN,1
159,Staff100,RN,3
159,Staff103,CN,0
159,Staff104,CN,2
159,Staff106,RN,5
159,Staff107,CN,4
159,Staff108,CN,3
159,Staff111,LPN,18
159,Staff114,CN,0
159,Staff115,CN,2
159,Staff117,LPN,10
159,Staff119,RN,7
159,Staff120,CN,0
159,Staff122,CN,4
159,Staff127,CN,2
159,Staff128,CN,4
159,Staff130,RN,4
159,Staff133,RN,6
159,Staff135,RN,4
159,Staff138,CN,2
159,Staff140,LPN,18
159,Staff143,CN,2
159,Staff147,LPN,18
159,Staff150,RN,5
159,Staff151,CN,1
159,Staff152,LPN,24
159,Staff153,CN,3
159,Staff154,CN,6
159,Staff155,CN,2
159,Staff157,CN,1
159,Staff159,RN,5
159,Staff160,CN,2
159,Staff163,CN,1
159,Staff164,LPN,18
159,Staff168,RN,6
159,Staff169,RN,6
167,Staff6,CN,3
167,Staff8,LPN,12
167,Staff11,CN,4
167,Staff12,CN,1
167,Staff13,CN,4
167,Staff18,CN,3
167,Staff20,LPN,11
167,Staff22,CN,1
167,Staff24,CN,1
167,Staff25,RN,6
167,Staff28,CN,6
167,Staff29,CN,2
167,Staff30,CN,1
167,Staff31,LPN,21
167,Staff39,CN,4
167,Staff41,CN,1
167,Staff42,CN,1
167,Staff44,RN,5
167,Staff45,RN,6
167,Staff46,LPN,22
167,Staff49,CN,1
167,Staff51,CN,0
167,Staff52,RN,3
167,Staff53,CN,3
167,Staff54,LPN,22
167,Staff58,CN,3
167,Staff59,RN,5
167,Staff60,RN,6
167,Staff61,RN,4
167,Staff62,CN,3
167,Staff65,LPN,21
167,Staff66,CN,2
167,Staff72,CN,1
167,Staff77,CN,1
167,Staff80,CN,1
167,Staff81,LPN,25
167,Staff82,LPN,22
167,Staff86,RN,4
167,Staff89,CN,1
167,Staff91,CN,0
167,Staff96,CN,2
167,Staff97,CN,1
167,Staff98,CN,0
167,Staff102,CN,2
167,Staff110,CN,2
167,Staff112,CN,4
167,Staff113,RN,4
167,Staff116,RN,5
167,Staff118,CN,3
167,Staff121,LPN,22
167,Staff123,CN,1
167,Staff124,LPN,14
167,Staff129,CN,0
167,Staff131,RN,4
167,Staff132,CN,3
167,Staff134,RN,5
167,Staff136,CN,1
167,Staff137,CN,1
167,Staff139,CN,3
167,Staff142,CN,3
167,Staff144,CN,4
167,Staff146,CN,3
167,Staff149,CN,2
167,Staff156,RN,7
167,Staff161,CN,2
167,Staff165,CN,2
167,Staff167,CN,1
175,Staff1,CN,3
175,Staff2,CN,4
175,Staff5,CN,1
175,Staff15,LPN,18
175,Staff27,CN,3
175,Staff35,CN,1
175,Staff38,CN,3
175,Staff40,RN,6
175,Staff47,CN,1
175,Staff50,CN,4
175,Staff68,CN,0
175,Staff78,CN,0
175,Staff79,RN,7
175,Staff83,CN,3
175,Staff90,CN,1
175,Staff93,CN,1
175,Staff94,CN,3
175,Staff101,CN,3
175,Staff105,CN,0
175,Staff109,RN,6
175,Staff125,CN,1
175,Staff126,CN,1
175,Staff141,CN,1
175,Staff145,CN,0
175,Staff158,RN,5
175,Staff162,CN,4
175,Staff166,LPN,24
183,Staff0,CN,2
183,Staff3,LPN,29
183,Staff4,LPN,23
183,Staff7,CN,3
183,Staff9,CN,0
183,Staff10,CN,1
183,Staff14,CN,2
183,Staff16,CN,4
183,Staff17,CN,1
183,Staff19,CN,3
183,Staff21,RN,5
183,Staff23,CN,3
183,Staff26,CN,3
183,Staff32,CN,1
183,Staff33,CN,2
183,Staff34,CN,3
183,Staff36,CN,3
183,Staff37,CN,2
183,Staff43,CN,3
183,Staff48,CN,2
183,Staff55,CN,1
183,Staff56,CN,3
183,Staff57,CN,3
183,Staff63,LPN,24
183,Staff64,CN,3
183,Staff67,CN,2
183,Staff69,CN,3
183,Staff70,CN,1
183,Staff71,CN,3
183,Staff73,CN,3
183,Staff74,CN,2
183,Staff75,CN,3
183,Staff76,CN,1
183,Staff84,RN,6
183,Staff85,CN,2
183,Staff87,RN,4
183,Staff88,CN,2
183,Staff92,CN,3
183,Staff95,LPN,17
183,Staff99,CN,2
183,Staff100,RN,7
183,Staff103,CN,0
183,Staff104,CN,2
183,Staff106,RN,3
183,Staff107,CN,1
183,Staff108,CN,4
183,Staff111,LPN,18
183,Staff114,CN,2
183,Staff115,CN,4
183,Staff117,LPN,15
183,Staff119,RN,6
183,Staff120,CN,2
183,Staff122,CN,1
183,Staff127,CN,1
183,Staff128,CN,4
183,Staff130,RN,7
183,Staff133,RN,4
183,Staff135,RN,4
183,Staff138,CN,3
183,Staff140,LPN,22
183,Staff143,CN,2
183,Staff147,LPN,18
183,Staff150,RN,7
183,Staff151,CN,0
183,Staff152,LPN,22
183,Staff153,CN,1
183,Staff154,CN,5
183,Staff155,CN,3
183,Staff157,CN,4
183,Staff159,RN,4
183,Staff160,CN,3
183,Staff163,CN,5
183,Staff164,LPN,29
183,Staff168,RN,7
183,Staff169,RN,6
191,Staff6,CN,2
191,Staff8,LPN,28
191,Staff11,CN,3
191,Staff12,CN,2
191,Staff13,CN,2
191,Staff18,CN,1
191,Staff20,LPN,24
191,Staff22,CN,1
191,Staff24,CN,3
191,Staff25,RN,5
191,Staff28,CN,2
191,Staff29,CN,3
191,Staff30,CN,3
191,Staff31,LPN,22
191,Staff39,CN,6
191,Staff41,CN,2
191,Staff42,CN,3
191,Staff44,RN,5
191,Staff45,RN,5
191,Staff46,LPN,21
191,Staff49,CN,2
191,Staff51,CN,2
191,Staff52,RN,5
191,Staff53,CN,0
191,Staff54,LPN,20
191,Staff58,CN,1
191,Staff59,RN,3
191,Staff60,RN,3
191,Staff61,RN,6
191,Staff62,CN,1
191,Staff65,LPN,26
191,Staff66,CN,3
191,Staff72,CN,1
191,Staff77,CN,4
191,Staff80,CN,3
191,Staff81,LPN,19
191,Staff82,LPN,21
191,Staff86,RN,5
191,Staff89,CN,0
191,Staff91,CN,2
191,Staff96,CN,0
191,Staff97,CN,2
191,Staff98,CN,1
191,Staff102,CN,4
191,Staff110,CN,2
191,Staff112,CN,4
191,Staff113,RN,6
191,Staff116,RN,5
191,Staff118,CN,1
191,Staff121,LPN,16
191,Staff123,CN,4
191,Staff124,LPN,22
191,Staff129,CN,3
191,Staff131,RN,5
191,Staff132,CN,4
191,Staff134,RN,7
191,Staff136,CN,2
191,Staff137,CN,5
191,Staff139,CN,1
191,Staff142,CN,2
191,Staff144,CN,2
191,Staff149,CN,3
191,Staff156,RN,5
191,Staff161,CN,2
191,Staff165,CN,0
191,Staff167,CN,2
199,Staff1,CN,3
199,Staff2,CN,2
199,Staff5,CN,2
199,Staff15,LPN,21
199,Staff27,CN,3
199,Staff35,CN,3
199,Staff38,CN,1
199,Staff40,RN,7
199,Staff47,CN,2
199,Staff50,CN,1
199,Staff68,CN,3
199,Staff78,CN,1
199,Staff79,RN,4
199,Staff83,CN,3
199,Staff90,CN,1
199,Staff93,CN,1
199,Staff94,CN,0
199,Staff101,CN,1
199,Staff105,CN,3
199,Staff109,RN,3
199,Staff125,CN,2
199,Staff126,CN,2
199,Staff141,CN,2
199,Staff145,CN,2
199,Staff158,RN,5
199,Staff162,CN,1
199,Staff166,LPN,16
207,Staff0,CN,3
207,Staff3,LPN,19
207,Staff4,LPN,23
207,Staff7,CN,2
207,Staff9,CN,3
207,Staff10,CN,2
207,Staff14,CN,4
207,Staff16,CN,2
207,Staff17,CN,0
207,Staff19,CN,4
207,Staff21,RN,4
207,Staff23,CN,1
207,Staff26,CN,2
207,Staff32,CN,1
207,Staff33,CN,1
207,Staff34,CN,3
207,Staff36,CN,1
207,Staff37,CN,1
207,Staff43,CN,2
207,Staff48,CN,2
207,Staff55,CN,2
207,Staff56,CN,2
207,Staff57,CN,1
207,Staff63,LPN,25
207,Staff64,CN,2
207,Staff67,CN,2
207,Staff69,CN,2
207,Staff70,CN,2
207,Staff71,CN,2
207,Staff73,CN,1
207,Staff74,CN,1
207,Staff75,CN,3
207,Staff76,CN,1
207,Staff84,RN,5
207,Staff85,CN,2
207,Staff87,RN,5
207,Staff88,CN,2
207,Staff92,CN,0
207,Staff95,LPN,16
207,Staff99,CN,4
207,Staff100,RN,2
207,Staff103,CN,3
207,Staff104,CN,1
207,Staff106,RN,5
207,Staff107,CN,5
207,Staff108,CN,5
207,Staff111,LPN,17
207,Staff114,CN,1
207,Staff115,CN,1
207,Staff117,LPN,17
207,Staff119,RN,5
207,Staff120,CN,4
207,Staff122,CN,3
207,Staff127,CN,2
207,Staff128,CN,1
207,Staff130,RN,7
207,Staff133,RN,4
207,Staff135,RN,6
207,Staff138,CN,2
207,Staff140,LPN,22
207,Staff143,CN,2
207,Staff147,LPN,19
207,Staff150,RN,7
207,Staff151,CN,2
207,Staff152,LPN,21
207,Staff153,CN,1
207,Staff154,CN,0
207,Staff155,CN,2
207,Staff157,CN,2
207,Staff159,RN,6
207,Staff160,CN,2
207,Staff163,CN,2
207,Staff164,LPN,17
207,Staff168,RN,5
207,Staff169,RN,6
215,Staff6,CN,2
215,Staff8,LPN,23
215,Staff11,CN,2
215,Staff12,CN,3
215,Staff13,CN,4
215,Staff18,CN,1
215,Staff20,LPN,21
215,Staff22,CN,2
215,Staff24,CN,4
215,Staff25,RN,4
215,Staff28,CN,2
215,Staff29,CN,4
215,Staff30,CN,3
215,Staff31,LPN,25
215,Staff39,CN,1
215,Staff41,CN,5
215,Staff42,CN,1
215,Staff44,RN,6
215,Staff45,RN,7
215,Staff46,LPN,22
215,Staff49,CN,1
215,Staff51,CN,0
215,Staff52,RN,5
215,Staff53,CN,0
215,Staff54,LPN,23
215,Staff58,CN,1
215,Staff59,RN,4
215,Staff60,RN,4
215,Staff61,RN,4
215,Staff62,CN,3
215,Staff65,LPN,20
215,Staff66,CN,3
215,Staff72,CN,1
215,Staff77,CN,2
215,Staff80,CN,1
215,Staff81,LPN,19
215,Staff82,LPN,28
215,Staff86,RN,5
215,Staff89,CN,2
215,Staff91,CN,2
215,Staff96,CN,4
215,Staff97,CN,1
215,Staff98,CN,3
215,Staff102,CN,1
215,Staff110,CN,0
215,Staff112,CN,2
215,Staff113,RN,6
215,Staff116,RN,7
215,Staff118,CN,0
215,Staff121,LPN,21
215,Staff123,CN,4
215,Staff124,LPN,24
215,Staff129,CN,4
215,Staff131,RN,6
215,Staff132,CN,2
215,Staff134,RN,6
215,Staff136,CN,1
215,Staff137,CN,4
215,Staff139,CN,1
215,Staff142,CN,0
215,Staff144,CN,4
215,Staff149,CN,3
215,Staff156,RN,7
215,Staff161,CN,1
215,Staff165,CN,5
215,Staff167,CN,2
223,Staff1,CN,0
223,Staff2,CN,0
223,Staff5,CN,2
223,Staff15,LPN,24
223,Staff27,CN,3
223,Staff35,CN,2
223,Staff38,CN,6
223,Staff40,RN,6
223,Staff47,CN,3
223,Staff50,CN,1
223,Staff68,CN,0
223,Staff78,CN,1
223,Staff79,RN,4
223,Staff83,CN,1
223,Staff90,CN,2
223,Staff93,CN,2
223,Staff94,CN,2
223,Staff101,CN,0
223,Staff105,CN,2
223,Staff109,RN,5
223,Staff125,CN,4
223,Staff126,CN,0
223,Staff141,CN,1
223,Staff145,CN,2
223,Staff158,RN,7
223,Staff162,CN,2
223,Staff166,LPN,24
231,Staff0,CN,4
231,Staff3,LPN,23
231,Staff4,LPN,16
231,Staff7,CN,1
231,Staff9,CN,0
231,Staff10,CN,4
231,Staff14,CN,1
231,Staff16,CN,2
231,Staff17,CN,3
231,Staff19,CN,4
231,Staff21,RN,6
231,Staff23,CN,1
231,Staff26,CN,1
231,Staff32,CN,0
231,Staff33,CN,4
231,Staff34,CN,1
231,Staff36,CN,2
231,Staff37,CN,3
231,Staff43,CN,2
231,Staff48,CN,2
231,Staff55,CN,0
231,Staff56,CN,5
231,Staff57,CN,3
231,Staff63,LPN,20
231,Staff64,CN,3
231,Staff67,CN,2
231,Staff69,CN,1
231,Staff70,CN,2
231,Staff71,CN,3
231,Staff73,CN,4
231,Staff74,CN,3
231,Staff75,CN,0
231,Staff76,CN,3
231,Staff84,RN,5
231,Staff85,CN,1
231,Staff87,RN,5
231,Staff88,CN,3
231,Staff92,CN,3
231,Staff95,LPN,23
231,Staff99,CN,0
231,Staff100,RN,6
231,Staff103,CN,2
231,Staff104,CN,4
231,Staff106,RN,5
231,Staff107,CN,2
231,Staff108,CN,3
231,Staff111,LPN,22
231,Staff114,CN,2
231,Staff115,CN,2
231,Staff117,LPN,20
231,Staff119,RN,6
231,Staff120,CN,2
231,Staff122,CN,1
231,Staff127,CN,5
231,Staff128,CN,1
231,Staff130,RN,6
231,Staff133,RN,4
231,Staff135,RN,4
231,Staff138,CN,3
231,Staff140,LPN,26
231,Staff143,CN,0
231,Staff147,LPN,26
231,Staff150,RN,5
231,Staff151,CN,3
231,Staff152,LPN,23
231,Staff153,CN,1
231,Staff154,CN,1
231,Staff155,CN,1
231,Staff157,CN,3
231,Staff159,RN,7
231,Staff160,CN,1
231,Staff163,CN,2
231,Staff164,LPN,16
231,Staff168,RN,5
231,Staff169,RN,5
239,Staff6,CN,2
239,Staff8,LPN,25
239,Staff11,CN,1
239,Staff12,CN,1
239,Staff13,CN,4
239,Staff18,CN,3
239,Staff20,LPN,20
239,Staff22,CN,3
239,Staff24,CN,4
239,Staff25,RN,5
239,Staff28,CN,3
239,Staff29,CN,3
239,Staff30,CN,2
239,Staff31,LPN,17
239,Staff39,CN,3
239,Staff41,CN,2
239,Staff42,CN,1
239,Staff44,RN,7
239,Staff45,RN,5
239,Staff46,LPN,23
239,Staff49,CN,0
239,Staff51,CN,1
239,Staff52,RN,5
239,Staff53,CN,1
239,Staff54,LPN,17
239,Staff58,CN,3
239,Staff59,RN,5
239,Staff60,RN,4
239,Staff61,RN,5
239,Staff62,CN,3
239,Staff65,LPN,19
239,Staff66,CN,2
239,Staff72,CN,3
239,Staff77,CN,1
239,Staff80,CN,2
239,Staff81,LPN,18
239,Staff82,LPN,23
239,Staff86,RN,6
239,Staff89,CN,1
239,Staff91,CN,4
239,Staff96,CN,1
239,Staff97,CN,3
239,Staff98,CN,4
239,Staff102,CN,1
239,Staff110,CN,2
239,Staff112,CN,1
239,Staff113,RN,6
239,Staff116,RN,6
239,Staff118,CN,4
239,Staff121,LPN,20
239,Staff123,CN,4
239,Staff124,LPN,22
239,Staff129,CN,2
239,Staff131,RN,6
239,Staff132,CN,3
239,Staff134,RN,6
239,Staff136,CN,1
239,Staff137,CN,2
239,Staff139,CN,1
239,Staff142,CN,3
239,Staff144,CN,2
239,Staff149,CN,2
239,Staff156,RN,6
239,Staff161,CN,4
239,Staff165,CN,2
239,Staff167,CN,2
247,Staff1,CN,1
247,Staff2,CN,2
247,Staff5,CN,0
247,Staff15,LPN,20
247,Staff27,CN,2
247,Staff35,CN,2
247,Staff38,CN,1
247,Staff40,RN,4
247,Staff47,CN,2
247,Staff50,CN,3
247,Staff68,CN,2
247,Staff78,CN,4
247,Staff79,RN,5
247,Staff83,CN,3
247,Staff90,CN,0
247,Staff93,CN,2
247,Staff94,CN,2
247,Staff101,CN,4
247,Staff105,CN,1
247,Staff109,RN,4
247,Staff125,CN,4
247,Staff126,CN,2
247,Staff141,CN,2
247,Staff145,CN,2
247,Staff158,RN,4
247,Staff162,CN,2
247,Staff166,LPN,24
255,Staff0,CN,1
255,Staff3,LPN,24
255,Staff4,LPN,29
255,Staff7,CN,1
255,Staff9,CN,2
255,Staff10,CN,1
255,Staff14,CN,2
255,Staff16,CN,2
255,Staff17,CN,2
255,Staff19,CN,1
255,Staff21,RN,5
255,Staff23,CN,0
255,Staff26,CN,0
255,Staff32,CN,4
255,Staff33,CN,3
255,Staff34,CN,2
255,Staff36,CN,3
255,Staff37,CN,3
255,Staff43,CN,1
255,Staff48,CN,2
255,Staff55,CN,2
255,Staff56,CN,3
255,Staff57,CN,1
255,Staff63,LPN,24
255,Staff64,CN,1
255,Staff67,CN,3
255,Staff69,CN,1
255,Staff70,CN,3
255,Staff71,CN,3
255,Staff73,CN,3
255,Staff74,CN,3
255,Staff75,CN,1
255,Staff76,CN,5
255,Staff84,RN,6
255,Staff85,CN,1
255,Staff87,RN,5
255,Staff88,CN,1
255,Staff92,CN,0
255,Staff95,LPN,23
255,Staff99,CN,1
255,Staff100,RN,3
255,Staff103,CN,5
255,Staff104,CN,3
255,Staff106,RN,6
255,Staff107,CN,1
255,Staff108,CN,3
255,Staff111,LPN,17
255,Staff114,CN,2
255,Staff115,CN,0
255,Staff117,LPN,23
255,Staff119,RN,7
255,Staff120,CN,4
255,Staff122,CN,2
255,Staff127,CN,2
255,Staff128,CN,1
255,Staff130,RN,6
255,Staff133,RN,4
255,Staff135,RN,7
255,Staff138,CN,3
255,Staff140,LPN,29
255,Staff143,CN,2
255,Staff147,LPN,19
255,Staff150,RN,3
255,Staff151,CN,3
255,Staff152,LPN,12
255,Staff153,CN,1
255,Staff154,CN,4
255,Staff155,CN,3
255,Staff157,CN,1
255,Staff159,RN,6
255,Staff160,CN,1
255,Staff163,CN,0
255,Staff164,LPN,21
255,Staff168,RN,6
255,Staff169,RN,6
263,Staff6,CN,2
263,Staff8,LPN,19
263,Staff11,CN,2
263,Staff12,CN,4
263,Staff13,CN,2
263,Staff18,CN,2
263,Staff20,LPN,19
263,Staff22,CN,1
263,Staff24,CN,4
263,Staff25,RN,5
263,Staff28,CN,2
263,Staff29,CN,3
263,Staff30,CN,1
263,Staff31,LPN,20
263,Staff39,CN,1
263,Staff41,CN,5
263,Staff42,CN,3
263,Staff44,RN,6
263,Staff45,RN,6
263,Staff46,LPN,19
263,Staff49,CN,2
263,Staff51,CN,3
263,Staff52,RN,4
263,Staff53,CN,4
263,Staff54,LPN,19
263,Staff58,CN,2
263,Staff59,RN,7
263,Staff60,RN,4
263,Staff61,RN,6
263,Staff62,CN,1
263,Staff65,LPN,14
263,Staff66,CN,3
263,Staff72,CN,2
263,Staff77,CN,3
263,Staff80,CN,1
263,Staff81,LPN,21
263,Staff82,LPN,19
263,Staff86,RN,6
263,Staff89,CN,2
263,Staff91,CN,1
263,Staff96,CN,3
263,Staff97,CN,1
263,Staff98,CN,3
263,Staff102,CN,1
263,Staff110,CN,2
263,Staff112,CN,2
263,Staff113,RN,6
263,Staff116,RN,6
263,Staff118,CN,2
263,Staff121,LPN,17
263,Staff123,CN,4
263,Staff124,LPN,25
263,Staff129,CN,2
263,Staff131,RN,4
263,Staff132,CN,4
263,Staff134,RN,4
263,Staff136,CN,3
263,Staff137,CN,2
263,Staff139,CN,2
263,Staff142,CN,1
263,Staff144,CN,3
263,Staff149,CN,3
263,Staff156,RN,7
263,Staff161,CN,1
263,Staff165,CN,1
263,Staff167,CN,1
271,Staff1,CN,2
271,Staff2,CN,1
271,Staff5,CN,1
271,Staff15,LPN,21
271,Staff27,CN,0
271,Staff35,CN,2
271,Staff38,CN,3
271,Staff40,RN,7
271,Staff47,CN,1
271,Staff50,CN,3
271,Staff68,CN,1
271,Staff78,CN,4
271,Staff79,RN,6
271,Staff83,CN,2
271,Staff90,CN,2
271,Staff93,CN,0
271,Staff94,CN,2
271,Staff101,CN,2
271,Staff105,CN,1
271,Staff109,RN,5
271,Staff125,CN,1
271,Staff126,CN,3
271,Staff141,CN,2
271,Staff145,CN,1
271,Staff158,RN,3
271,Staff162,CN,2
271,Staff166,LPN,17
279,Staff0,CN,1
279,Staff3,LPN,15
279,Staff4,LPN,19
279,Staff7,CN,2
279,Staff9,CN,2
279,Staff10,CN,2
279,Staff14,CN,2
279,Staff16,CN,0
279,Staff17,CN,3
279,Staff19,CN,2
279,Staff21,RN,5
279,Staff23,CN,3
279,Staff26,CN,1
279,Staff32,CN,1
279,Staff33,CN,1
279,Staff34,CN,3
279,Staff36,CN,4
279,Staff37,CN,1
279,Staff43,CN,3
279,Staff48,CN,2
279,Staff55,CN,3
279,Staff56,CN,3
279,Staff57,CN,1
279,Staff63,LPN,16
279,Staff64,CN,2
279,Staff67,CN,3
279,Staff69,CN,0
279,Staff70,CN,3
279,Staff71,CN,2
279,Staff73,CN,0
279,Staff74,CN,2
279,Staff75,CN,4
279,Staff76,CN,0
279,Staff84,RN,5
279,Staff85,CN,2
279,Staff87,RN,5
279,Staff88,CN,2
279,Staff92,CN,0
279,Staff95,LPN,17
279,Staff99,CN,2
279,Staff100,RN,6
279,Staff103,CN,3
279,Staff104,CN,2
279,Staff106,RN,6
279,Staff107,CN,0
279,Staff108,CN,0
279,Staff111,LPN,23
279,Staff114,CN,2
279,Staff115,CN,4
279,Staff117,LPN,21
279,Staff119,RN,6
279,Staff120,CN,1
279,Staff122,CN,2
279,Staff127,CN,1
279,Staff128,CN,2
279,Staff130,RN,6
279,Staff133,RN,7
279,Staff135,RN,5
279,Staff138,CN,1
279,Staff140,LPN,11
279,Staff143,CN,3
279,Staff147,LPN,10
279,Staff150,RN,5
279,Staff151,CN,2
279,Staff152,LPN,16
279,Staff153,CN,2
279,Staff154,CN,2
279,Staff155,CN,2
279,Staff157,CN,3
279,Staff159,RN,5
279,Staff160,CN,4
279,Staff163,CN,1
279,Staff164,LPN,29
279,Staff168,RN,4
279,Staff169,RN,4
287,Staff6,CN,2
287,Staff8,LPN,20
287,Staff11,CN,2
287,Staff12,CN,3
287,Staff13,CN,3
287,Staff18,CN,3
287,Staff20,LPN,22
287,Staff22,CN,4
287,Staff24,CN,3
287,Staff25,RN,6
287,Staff28,CN,1
287,Staff29,CN,3
287,Staff30,CN,4
287,Staff31,LPN,21
287,Staff39,CN,2
287,Staff41,CN,1
287,Staff42,CN,3
287,Staff44,RN,5
287,Staff45,RN,4
287,Staff46,LPN,14
287,Staff49,CN,3
287,Staff51,CN,2
287,Staff52,RN,5
287,Staff53,CN,2
287,Staff54,LPN,20
287,Staff58,CN,2
287,Staff59,RN,6
287,Staff60,RN,5
287,Staff61,RN,6
287,Staff62,CN,2
287,Staff65,LPN,19
287,Staff66,CN,1
287,Staff72,CN,1
287,Staff77,CN,3
287,Staff80,CN,4
287,Staff81,LPN,15
287,Staff82,LPN,22
287,Staff86,RN,7
287,Staff89,CN,2
287,Staff91,CN,3
287,Staff96,CN,2
287,Staff97,CN,3
287,Staff98,CN,1
287,Staff102,CN,4
287,Staff110,CN,2
287,Staff112,CN,2
287,Staff113,RN,4
287,Staff116,RN,6
287,Staff118,CN,2
287,Staff121,LPN,15
287,Staff123,CN,3
287,Staff124,LPN,24
287,Staff129,CN,2
287,Staff131,RN,6
287,Staff132,CN,3
287,Staff134,RN,6
287,Staff136,CN,2
287,Staff137,CN,3
287,Staff139,CN,2
287,Staff142,CN,2
287,Staff144,CN,2
287,Staff149,CN,3
287,Staff156,RN,5
287,Staff161,CN,3
287,Staff165,CN,0
287,Staff167,CN,4
295,Staff1,CN,0
295,Staff2,CN,4
295,Staff5,CN,1
295,Staff15,LPN,26
295,Staff27,CN,3
295,Staff35,CN,5
295,Staff38,CN,4
295,Staff40,RN,3
295,Staff47,CN,2
295,Staff50,CN,3
295,Staff68,CN,3
295,Staff78,CN,4
295,Staff79,RN,6
295,Staff83,CN,1
295,Staff90,CN,2
295,Staff93,CN,2
295,Staff94,CN,3
295,Staff101,CN,2
295,Staff105,CN,0
295,Staff109,RN,5
295,Staff125,CN,1
295,Staff126,CN,0
295,Staff141,CN,5
295,Staff145,CN,2
295,Staff158,RN,5
295,Staff162,CN,3
295,Staff166,LPN,18
303,Staff0,CN,3
303,Staff3,LPN,13
303,Staff4,LPN,21
303,Staff7,CN,3
303,Staff9,CN,2
303,Staff10,CN,2
303,Staff14,CN,3
303,Staff16,CN,4
303,Staff17,CN,0
303,Staff19,CN,3
303,Staff21,RN,5
303,Staff23,CN,0
303,Staff26,CN,3
303,Staff32,CN,3
303,Staff33,CN,2
303,Staff34,CN,4
303,Staff36,CN,1
303,Staff37,CN,1
303,Staff43,CN,1
303,Staff48,CN,4
303,Staff55,CN,1
303,Staff56,CN,3
303,Staff57,CN,1
303,Staff63,LPN,22
303,Staff64,CN,1
303,Staff67,CN,5
303,Staff69,CN,3
303,Staff70,CN,2
303,Staff71,CN,1
303,Staff73,CN,4
303,Staff74,CN,3
303,Staff75,CN,2
303,Staff76,CN,3
303,Staff84,RN,5
303,Staff85,CN,3
303,Staff87,RN,3
303,Staff88,CN,0
303,Staff92,CN,1
303,Staff95,LPN,20
303,Staff99,CN,1
303,Staff100,RN,5
303,Staff103,CN,2
303,Staff104,CN,2
303,Staff106,RN,5
303,Staff107,CN,3
303,Staff108,CN,4
303,Staff111,LPN,30
303,Staff114,CN,2
303,Staff115,CN,2
303,Staff117,LPN,15
303,Staff119,RN,5
303,Staff120,CN,2
303,Staff122,CN,1
303,Staff127,CN,3
303,Staff128,CN,3
303,Staff130,RN,7
303,Staff133,RN,5
303,Staff135,RN,7
303,Staff138,CN,3
303,Staff140,LPN,22
303,Staff143,CN,5
303,Staff147,LPN,20
303,Staff150,RN,4
303,Staff151,CN,0
303,Staff152,LPN,32
303,Staff153,CN,2
303,Staff154,CN,4
303,Staff155,CN,3
303,Staff157,CN,2
303,Staff159,RN,5
303,Staff160,CN,1
303,Staff163,CN,3
303,Staff164,LPN,20
303,Staff168,RN,5
303,Staff169,RN,7
311,Staff6,CN,1
311,Staff8,LPN,18
311,Staff11,CN,3
311,Staff12,CN,2
311,Staff13,CN,2
311,Staff18,CN,3
311,Staff20,LPN,17
311,Staff22,CN,2
311,Staff24,CN,2
311,Staff25,RN,5
311,Staff28,CN,2
311,Staff29,CN,0
311,Staff30,CN,1
311,Staff31,LPN,22
311,Staff39,CN,2
311,Staff41,CN,1
311,Staff42,CN,1
311,Staff44,RN,7
311,Staff45,RN,4
311,Staff46,LPN,26
311,Staff49,CN,3
311,Staff51,CN,3
311,Staff52,RN,5
311,Staff53,CN,6
311,Staff54,LPN,14
311,Staff58,CN,0
311,Staff59,RN,6
311,Staff60,RN,5
311,Staff61,RN,3
311,Staff62,CN,3
311,Staff65,LPN,18
311,Staff66,CN,1
311,Staff72,CN,4
311,Staff77,CN,4
311,Staff80,CN,2
311,Staff81,LPN,22
311,Staff82,LPN,18
311,Staff86,RN,5
311,Staff89,CN,1
311,Staff91,CN,3
311,Staff96,CN,2
311,Staff97,CN,1
311,Staff98,CN,2
311,Staff102,CN,3
311,Staff110,CN,1
311,Staff112,CN,2
311,Staff113,RN,3
311,Staff116,RN,4
311,Staff118,CN,0
311,Staff121,LPN,28
311,Staff123,CN,2
311,Staff124,LPN,22
311,Staff129,CN,3
311,Staff131,RN,7
311,Staff132,CN,0
311,Staff134,RN,6
311,Staff136,CN,2
311,Staff137,CN,3
311,Staff139,CN,4
311,Staff142,CN,0
311,Staff144,CN,4
311,Staff149,CN,2
311,Staff156,RN,4
311,Staff161,CN,2
311,Staff165,CN,2
311,Staff167,CN,2
319,Staff1,CN,2
319,Staff2,CN,4
319,Staff5,CN,1
319,Staff15,LPN,15
319,Staff27,CN,4
319,Staff35,CN,1
319,Staff38,CN,2
319,Staff40,RN,6
319,Staff47,CN,2
319,Staff50,CN,1
319,Staff68,CN,1
319,Staff78,CN,4
319,Staff79,RN,5
319,Staff83,CN,2
319,Staff90,CN,1
319,Staff93,CN,3
319,Staff94,CN,3
319,Staff101,CN,2
319,Staff105,CN,1
319,Staff109,RN,4
319,Staff125,CN,2
319,Staff126,CN,2
319,Staff141,CN,2
319,Staff145,CN,2
319,Staff158,RN,5
319,Staff162,CN,2
319,Staff166,LPN,25
327,Staff0,CN,3
327,Staff3,LPN,21
327,Staff4,LPN,21
327,Staff7,CN,0
327,Staff9,CN,2
327,Staff10,CN,4
327,Staff14,CN,1
327,Staff16,CN,3
327,Staff17,CN,2
327,Staff19,CN,4
327,Staff21,RN,6
327,Staff23,CN,1
327,Staff26,CN,3
327,Staff32,CN,0
327,Staff33,CN,3
327,Staff34,CN,0
327,Staff36,CN,1
327,Staff37,CN,2
327,Staff43,CN,2
327,Staff48,CN,3
327,Staff55,CN,2
327,Staff56,CN,2
327,Staff57,CN,2
327,Staff63,LPN,24
327,Staff64,CN,3
327,Staff67,CN,1
327,Staff69,CN,4
327,Staff70,CN,3
327,Staff71,CN,2
327,Staff73,CN,1
327,Staff74,CN,2
327,Staff75,CN,1
327,Staff76,CN,2
327,Staff84,RN,4
327,Staff85,CN,2
327,Staff87,RN,6
327,Staff88,CN,1
327,Staff92,CN,2
327,Staff95,LPN,17
327,Staff99,CN,3
327,Staff100,RN,5
327,Staff103,CN,4
327,Staff104,CN,3
327,Staff106,RN,4
327,Staff107,CN,1
327,Staff108,CN,4
327,Staff111,LPN,15
327,Staff114,CN,3
327,Staff115,CN,1
327,Staff117,LPN,27
327,Staff119,RN,5
327,Staff120,CN,1
327,Staff122,CN,2
327,Staff127,CN,5
327,Staff128,CN,4
327,Staff130,RN,6
327,Staff133,RN,5
327,Staff135,RN,5
327,Staff138,CN,2
327,Staff140,LPN,21
327,Staff143,CN,2
327,Staff147,LPN,24
327,Staff150,RN,5
327,Staff151,CN,1
327,Staff152,LPN,14
327,Staff153,CN,1
327,Staff154,CN,1
327,Staff155,CN,5
327,Staff157,CN,1
327,Staff159,RN,6
327,Staff160,CN,2
327,Staff163,CN,2
327,Staff164,LPN,16
327,Staff168,RN,6
327,Staff169,RN,7
335,Staff6,CN,1
335,Staff8,LPN,17
335,Staff11,CN,2
335,Staff12,CN,0
335,Staff13,CN,2
335,Staff18,CN,4
335,Staff20,LPN,25
335,Staff22,CN,2
335,Staff24,CN,2
335,Staff25,RN,6
335,Staff28,CN,1
335,Staff29,CN,1
335,Staff30,CN,1
335,Staff31,LPN,22
335,Staff39,CN,4
335,Staff41,CN,2
335,Staff42,CN,4
335,Staff44,RN,6
335,Staff45,RN,4
335,Staff46,LPN,17
335,Staff49,CN,1
335,Staff51,CN,3
335,Staff52,RN,6
335,Staff53,CN,3
335,Staff54,LPN,22
335,Staff58,CN,2
335,Staff59,RN,4
335,Staff60,RN,6
335,Staff61,RN,5
335,Staff62,CN,2
335,Staff65,LPN,18
335,Staff66,CN,1
335,Staff72,CN,1
335,Staff77,CN,4
335,Staff80,CN,2
335,Staff81,LPN,19
335,Staff82,LPN,20
335,Staff86,RN,4
335,Staff89,CN,2
335,Staff91,CN,1
335,Staff96,CN,2
335,Staff97,CN,1
335,Staff98,CN,1
335,Staff102,CN,1
335,Staff110,CN,1
335,Staff112,CN,1
335,Staff113,RN,7
335,Staff116,RN,6
335,Staff118,CN,1
335,Staff121,LPN,24
335,Staff123,CN,0
335,Staff124,LPN,24
335,Staff129,CN,4
335,Staff131,RN,6
335,Staff132,CN,4
335,Staff134,RN,5
335,Staff136,CN,2
335,Staff137,CN,2
335,Staff139,CN,1
335,Staff142,CN,2
335,Staff144,CN,0
335,Staff149,CN,2
335,Staff156,RN,5
335,Staff161,CN,3
335,Staff165,CN,1
335,Staff167,CN,2
343,Staff1,CN,1
343,Staff2,CN,1
343,Staff5,CN,2
343,Staff15,LPN,23
343,Staff27,CN,3
343,Staff35,CN,3
343,Staff38,CN,3
343,Staff40,RN,5
343,Staff47,CN,4
343,Staff50,CN,4
343,Staff68,CN,3
343,Staff78,CN,2
343,Staff79,RN,2
343,Staff83,CN,1
343,Staff90,CN,3
343,Staff93,CN,3
343,Staff94,CN,3
343,Staff101,CN,2
343,Staff105,CN,1
343,Staff109,RN,6
343,Staff125,CN,0
343,Staff126,CN,3
343,Staff141,CN,1
343,Staff145,CN,2
343,Staff158,RN,7
343,Staff162,CN,1
343,Staff166,LPN,12
